<?xml version="1.0" encoding="utf-8"?>
<!-- Generated by GenMod (J.Rios anonbeat@gmail.com) -->
<openerp>
  <data>
    <!-- ====== academy.course.category ===== -->
    <record model="ir.ui.view" id="view_academy_course_category_form">
      <field name="name">academy.course.category.form</field>
      <field name="model">academy.course.category</field>
      <field name="type">form</field>
      <field name="arch" type="xml">
        <form string="academy.course.category">
          <field name="name" select="1" />
          <field name="parent_id" select="2" />
        </form>
      </field>
    </record>
    <record model="ir.ui.view" id="view_academy_course_category_tree">
      <field name="name">academy.course.category.tree</field>
      <field name="model">academy.course.category</field>
      <field name="type">tree</field>
      <field name="arch" type="xml">
        <tree string="academy.course.category">
          <field name="name" />
          <field name="parent_id" />
        </tree>
      </field>
    </record>
    <record model="ir.actions.act_window" id="action_academy_course_category">
      <field name="name">Courses Category</field>
      <field name="res_model">academy.course.category</field>
      <field name="view_type">form</field>
      <field name="view_mode">tree,form</field>
    </record>
    <!-- ====== academy.course ===== -->
    <record model="ir.ui.view" id="view_academy_course_form">
      <field name="name">academy.course.form</field>
      <field name="model">academy.course</field>
      <field name="type">form</field>
      <field name="arch" type="xml">
        <form string="academy.course">
          <field name="name" select="1" />
          <field name="category_id" select="2" />
          <field name="classroom_id" select="0" />
          <field name="dificulty" select="0" />
          <field name="hours" select="0" />
          <field name="state" select="0" />
          <separator string="Description" colspan="4"/>
          <field name="description" colspan="4" nolabel="1" select="0" />
        </form>
      </field>
    </record>
    <record model="ir.ui.view" id="view_academy_course_tree">
      <field name="name">academy.course.tree</field>
      <field name="model">academy.course</field>
      <field name="type">tree</field>
      <field name="arch" type="xml">
        <tree string="academy.course">
          <field name="name" />
          <field name="category_id" />
          <field name="classroom_id" />
          <field name="dificulty" />
          <field name="hours" />
          <field name="state" />
          <field name="description" />
        </tree>
      </field>
    </record>
    <record model="ir.actions.act_window" id="action_academy_course">
      <field name="name">Course</field>
      <field name="res_model">academy.course</field>
      <field name="view_type">form</field>
      <field name="view_mode">tree,form</field>
    </record>
    <!-- ====== academy.classroom ===== -->
    <record model="ir.ui.view" id="view_academy_classroom_form">
      <field name="name">academy.classroom.form</field>
      <field name="model">academy.classroom</field>
      <field name="type">form</field>
      <field name="arch" type="xml">
        <form string="academy.classroom">
          <field name="name" select="1" />
          <field name="address_id" select="2" />
          <field name="capacity" select="0" />
          <field name="state" select="0" />
          <field name="active" select="0" />
        </form>
      </field>
    </record>
    <record model="ir.ui.view" id="view_academy_classroom_tree">
      <field name="name">academy.classroom.tree</field>
      <field name="model">academy.classroom</field>
      <field name="type">tree</field>
      <field name="arch" type="xml">
        <tree string="academy.classroom">
          <field name="name" />
          <field name="address_id" />
          <field name="capacity" />
          <field name="state" />
          <field name="active" />
        </tree>
      </field>
    </record>
    <record model="ir.actions.act_window" id="action_academy_classroom">
      <field name="name">Classroom</field>
      <field name="res_model">academy.classroom</field>
      <field name="view_type">form</field>
      <field name="view_mode">tree,form</field>
    </record>
    <!-- ====== academy.teacher ===== -->
    <record model="ir.ui.view" id="view_academy_teacher_form">
      <field name="name">academy.teacher.form</field>
      <field name="model">academy.teacher</field>
      <field name="type">form</field>
      <field name="arch" type="xml">
        <form string="academy.teacher">
          <field name="name" select="1" />
          <field name="phone" select="2" />
          <field name="email" select="0" />
        </form>
      </field>
    </record>
    <record model="ir.ui.view" id="view_academy_teacher_tree">
      <field name="name">academy.teacher.tree</field>
      <field name="model">academy.teacher</field>
      <field name="type">tree</field>
      <field name="arch" type="xml">
        <tree string="academy.teacher">
          <field name="name" />
          <field name="phone" />
          <field name="email" />
        </tree>
      </field>
    </record>
    <record model="ir.actions.act_window" id="action_academy_teacher">
      <field name="name">Teacher</field>
      <field name="res_model">academy.teacher</field>
      <field name="view_type">form</field>
      <field name="view_mode">tree,form</field>
    </record>
    <!-- ====== academy.subject ===== -->
    <record model="ir.ui.view" id="view_academy_subject_form">
      <field name="name">academy.subject.form</field>
      <field name="model">academy.subject</field>
      <field name="type">form</field>
      <field name="arch" type="xml">
        <form string="academy.subject">
          <field name="name" select="1" />
          <field name="teacher" select="2" />
          <field name="course" select="0" />
        </form>
      </field>
    </record>
    <record model="ir.ui.view" id="view_academy_subject_tree">
      <field name="name">academy.subject.tree</field>
      <field name="model">academy.subject</field>
      <field name="type">tree</field>
      <field name="arch" type="xml">
        <tree string="academy.subject">
          <field name="name" />
          <field name="teacher" />
          <field name="course" />
        </tree>
      </field>
    </record>
    <record model="ir.actions.act_window" id="action_academy_subject">
      <field name="name">Subject</field>
      <field name="res_model">academy.subject</field>
      <field name="view_type">form</field>
      <field name="view_mode">tree,form</field>
    </record>
    <!-- ====== academy.alumns ===== -->
    <record model="ir.ui.view" id="view_academy_alumns_form">
      <field name="name">academy.alumns.form</field>
      <field name="model">academy.alumns</field>
      <field name="type">form</field>
      <field name="arch" type="xml">
        <form string="academy.alumns">
          <field name="name" select="1" />
          <field name="address" select="2" />
          <field name="phone" select="0" />
          <field name="email" select="0" />
          <field name="course" select="0" />
        </form>
      </field>
    </record>
    <record model="ir.ui.view" id="view_academy_alumns_tree">
      <field name="name">academy.alumns.tree</field>
      <field name="model">academy.alumns</field>
      <field name="type">tree</field>
      <field name="arch" type="xml">
        <tree string="academy.alumns">
          <field name="name" />
          <field name="address" />
          <field name="phone" />
          <field name="email" />
          <field name="course" />
        </tree>
      </field>
    </record>
    <record model="ir.actions.act_window" id="action_academy_alumns">
      <field name="name">Alumn</field>
      <field name="res_model">academy.alumns</field>
      <field name="view_type">form</field>
      <field name="view_mode">tree,form</field>
    </record>
    <!-- ==== Menu Items ===== -->
    <menuitem name="Academy" id="menu_academy" />
    <menuitem name="Courses Category" id="menu_courses_category" parent="menu_academy" action="action_academy_course_category" />
    <menuitem name="Course" id="menu_course" parent="menu_academy" action="action_academy_course" />
    <menuitem name="Classroom" id="menu_classroom" parent="menu_academy" action="action_academy_classroom" />
    <menuitem name="Teacher" id="menu_teacher" parent="menu_academy" action="action_academy_teacher" />
    <menuitem name="Subject" id="menu_subject" parent="menu_academy" action="action_academy_subject" />
    <menuitem name="Alumn" id="menu_alumn" parent="menu_academy" action="action_academy_alumns" />
  </data>
</openerp>
