"id","name","model_id:id","group_id:id","perm_read","perm_write","perm_create","perm_unlink"
"access_academy_course_category","academy.course.category","model_academy_course_category","base.group_user",1,0,0,0
"access_academy_course","academy.course","model_academy_course","base.group_user",1,0,0,0
"access_academy_classroom","academy.classroom","model_academy_classroom","base.group_user",1,0,0,0
"access_academy_teacher","academy.teacher","model_academy_teacher","base.group_user",1,0,0,0
"access_academy_subject","academy.subject","model_academy_subject","base.group_user",1,0,0,0
"access_academy_alumns","academy.alumns","model_academy_alumns","base.group_user",1,0,0,0
